feature,importance
ewm_vol,0.00039410405678148966
roll_std_20,0.0002341305938909748
vol_lag1,0.0002341305938909735
abs_return_ma5,2.5556333038436907e-05
roll_std_30,2.4393184903887444e-05
