feature,importance
ewm_vol,0.0003788106083627122
vol_lag1,0.0003521284059015828
roll_std_20,0.00035212840590158215
roll_std_30,9.386672119883913e-05
abs_return_ma5,4.912768803260867e-05
