feature,importance
vol_lag1,0.00037767841817357573
roll_std_20,0.00037767841817357573
ewm_vol,0.0002313610867752354
roll_std_30,8.88311402097094e-05
abs_return_ma5,5.363860628579906e-05
