feature,importance
roll_std_20,0.00036490890132812373
vol_lag1,0.00036490890132812265
ewm_vol,0.00024322432924957343
roll_std_30,2.8025902293788578e-05
abs_return_ma5,2.5253787864674804e-05
