feature,importance
ewm_vol,0.000243006290198992
vol_lag1,0.00021792680050562743
roll_std_20,0.00021792680050562686
abs_return_ma5,2.4871698316648328e-05
roll_std_30,1.2051885627964573e-05
